{
  "6285876902820@s.whatsapp.net": {
    "balance": 10000,
    "portfolio": {},
    "transactions": []
  },
  "6285189297059@s.whatsapp.net": {
    "balance": 48249.59482318398,
    "portfolio": {},
    "transactions": [
      "Membeli 1 BTC seharga $4095.14",
      "Menjual 1 BTC seharga $42344.74"
    ]
  },
  "6282193864971@s.whatsapp.net": {
    "balance": 10000,
    "portfolio": {},
    "transactions": []
  },
  "183571297914945@lid": {
    "balance": 10000,
    "portfolio": {},
    "transactions": []
  },
  "6285710187166@s.whatsapp.net": {
    "balance": 10000,
    "portfolio": {},
    "transactions": []
  },
  "6281235638188@s.whatsapp.net": {
    "balance": 10000,
    "portfolio": {},
    "transactions": []
  },
  "276394600841223@lid": {
    "balance": 10000,
    "portfolio": {},
    "transactions": []
  },
  "161065904144560@lid": {
    "balance": 10000,
    "portfolio": {},
    "transactions": []
  },
  "120363224853578806@g.us": {
    "balance": 10000,
    "portfolio": {},
    "transactions": []
  },
  "120363350692901199@g.us": {
    "balance": 10000,
    "portfolio": {},
    "transactions": []
  },
  "6282338723453@s.whatsapp.net": {
    "balance": 10000,
    "portfolio": {},
    "transactions": []
  },
  "6285156119027@s.whatsapp.net": {
    "balance": 10000,
    "portfolio": {},
    "transactions": []
  },
  "6282230086532@s.whatsapp.net": {
    "balance": 10000,
    "portfolio": {},
    "transactions": []
  },
  "120363368017887842@g.us": {
    "balance": 10000,
    "portfolio": {},
    "transactions": []
  },
  "6289676753517@s.whatsapp.net": {
    "balance": 10000,
    "portfolio": {},
    "transactions": []
  },
  "6285135630470@s.whatsapp.net": {
    "balance": 10000,
    "portfolio": {},
    "transactions": []
  },
  "174818691444816@lid": {
    "balance": 10000,
    "portfolio": {},
    "transactions": []
  },
  "6283152929526@s.whatsapp.net": {
    "balance": 10000,
    "portfolio": {},
    "transactions": []
  },
  "6289524262220@s.whatsapp.net": {
    "balance": 10000,
    "portfolio": {},
    "transactions": []
  },
  "628876366082@s.whatsapp.net": {
    "balance": 10000,
    "portfolio": {},
    "transactions": []
  },
  "6282142322479@s.whatsapp.net": {
    "balance": 10000,
    "portfolio": {},
    "transactions": []
  },
  "6287777699216@s.whatsapp.net": {
    "balance": 10000,
    "portfolio": {},
    "transactions": []
  },
  "6282164644595@s.whatsapp.net": {
    "balance": 10000,
    "portfolio": {},
    "transactions": []
  },
  "120538827612244@lid": {
    "balance": 10000,
    "portfolio": {},
    "transactions": []
  },
  "6283121042634@s.whatsapp.net": {
    "balance": 10000,
    "portfolio": {},
    "transactions": []
  },
  "628995083042@s.whatsapp.net": {
    "balance": 10000,
    "portfolio": {},
    "transactions": []
  },
  "67736046678119@lid": {
    "balance": 10000,
    "portfolio": {},
    "transactions": []
  },
  "6283863617176@s.whatsapp.net": {
    "balance": 10000,
    "portfolio": {},
    "transactions": []
  },
  "244714351677482@lid": {
    "balance": 10000,
    "portfolio": {},
    "transactions": []
  },
  "6283878961890@s.whatsapp.net": {
    "balance": 10000,
    "portfolio": {},
    "transactions": []
  },
  "6282112080081@s.whatsapp.net": {
    "balance": 10000,
    "portfolio": {},
    "transactions": []
  },
  "138121853305039@lid": {
    "balance": 10000,
    "portfolio": {},
    "transactions": []
  },
  "62857423875128@s.whatsapp.net": {
    "balance": 10000,
    "portfolio": {},
    "transactions": []
  },
  "120363292078976494@g.us": {
    "balance": 10000,
    "portfolio": {},
    "transactions": []
  },
  "193381070278846@lid": {
    "balance": 10000,
    "portfolio": {},
    "transactions": []
  },
  "6282322066804@s.whatsapp.net": {
    "balance": 10000,
    "portfolio": {},
    "transactions": []
  },
  "120363178559927920@g.us": {
    "balance": 10000,
    "portfolio": {},
    "transactions": []
  },
  "6285815380782@s.whatsapp.net": {
    "balance": 10000,
    "portfolio": {},
    "transactions": []
  },
  "6282279685923@s.whatsapp.net": {
    "balance": 10000,
    "portfolio": {},
    "transactions": []
  },
  "6282220191794@s.whatsapp.net": {
    "balance": 10000,
    "portfolio": {},
    "transactions": []
  },
  "57626062811177@lid": {
    "balance": 10000,
    "portfolio": {},
    "transactions": []
  },
  "241519399333913@lid": {
    "balance": 10000,
    "portfolio": {},
    "transactions": []
  },
  "6285883812573@s.whatsapp.net": {
    "balance": 10000,
    "portfolio": {},
    "transactions": []
  },
  "220718872694792@lid": {
    "balance": 10000,
    "portfolio": {},
    "transactions": []
  },
  "120363213411677670@g.us": {
    "balance": 10000,
    "portfolio": {},
    "transactions": []
  },
  "6285795362959@s.whatsapp.net": {
    "balance": 10000,
    "portfolio": {},
    "transactions": []
  },
  "6281266998972@s.whatsapp.net": {
    "balance": 10000,
    "portfolio": {},
    "transactions": []
  },
  "217248237113366@lid": {
    "balance": 10000,
    "portfolio": {},
    "transactions": []
  },
  "62881012763624@s.whatsapp.net": {
    "balance": 10000,
    "portfolio": {},
    "transactions": []
  },
  "628998103161@s.whatsapp.net": {
    "balance": 10000,
    "portfolio": {},
    "transactions": []
  },
  "208843271364847@lid": {
    "balance": 10000,
    "portfolio": {},
    "transactions": []
  },
  "125297231921226@lid": {
    "balance": 10000,
    "portfolio": {},
    "transactions": []
  },
  "120363348267069738@g.us": {
    "balance": 10000,
    "portfolio": {},
    "transactions": []
  },
  "6281260691930@s.whatsapp.net": {
    "balance": 10000,
    "portfolio": {},
    "transactions": []
  },
  "175239531098145@lid": {
    "balance": 10000,
    "portfolio": {},
    "transactions": []
  },
  "6285320668045@s.whatsapp.net": {
    "balance": 10000,
    "portfolio": {},
    "transactions": []
  },
  "6282276114136@s.whatsapp.net": {
    "balance": 10000,
    "portfolio": {},
    "transactions": []
  },
  "6281259714668@s.whatsapp.net": {
    "balance": 10000,
    "portfolio": {},
    "transactions": []
  },
  "6282261058746@s.whatsapp.net": {
    "balance": 10000,
    "portfolio": {},
    "transactions": []
  },
  "6288226896659@s.whatsapp.net": {
    "balance": 10000,
    "portfolio": {},
    "transactions": []
  },
  "6289522621958@s.whatsapp.net": {
    "balance": 10000,
    "portfolio": {},
    "transactions": []
  },
  "37422536609898@lid": {
    "balance": 10000,
    "portfolio": {},
    "transactions": []
  },
  "6285348301775@s.whatsapp.net": {
    "balance": 10000,
    "portfolio": {},
    "transactions": []
  },
  "133968955445313@lid": {
    "balance": 10000,
    "portfolio": {},
    "transactions": []
  },
  "62887435168753@s.whatsapp.net": {
    "balance": 10000,
    "portfolio": {},
    "transactions": []
  },
  "6285167089450@s.whatsapp.net": {
    "balance": 10000,
    "portfolio": {},
    "transactions": []
  },
  "628311787755@s.whatsapp.net": {
    "balance": 10000,
    "portfolio": {},
    "transactions": []
  },
  "6285892294558@s.whatsapp.net": {
    "balance": 10000,
    "portfolio": {},
    "transactions": []
  },
  "62882005867863@s.whatsapp.net": {
    "balance": 10000,
    "portfolio": {},
    "transactions": []
  },
  "6285884898764@s.whatsapp.net": {
    "balance": 10000,
    "portfolio": {},
    "transactions": []
  },
  "62895337372269@s.whatsapp.net": {
    "balance": 10000,
    "portfolio": {},
    "transactions": []
  },
  "120363303305893276@g.us": {
    "balance": 10000,
    "portfolio": {},
    "transactions": []
  },
  "45290715381915@lid": {
    "balance": 10000,
    "portfolio": {},
    "transactions": []
  },
  "166537944133719@lid": {
    "balance": 10000,
    "portfolio": {},
    "transactions": []
  },
  "6285157757382@s.whatsapp.net": {
    "balance": 10000,
    "portfolio": {},
    "transactions": []
  },
  "197448504971328@lid": {
    "balance": 10000,
    "portfolio": {},
    "transactions": []
  },
  "120363259414750532@g.us": {
    "balance": 10000,
    "portfolio": {},
    "transactions": []
  },
  "120363277951321577@g.us": {
    "balance": 10000,
    "portfolio": {},
    "transactions": []
  },
  "173989645263034@lid": {
    "balance": 10000,
    "portfolio": {},
    "transactions": []
  },
  "6289526450474@s.whatsapp.net": {
    "balance": 10000,
    "portfolio": {},
    "transactions": []
  },
  "3170138869787@lid": {
    "balance": 10000,
    "portfolio": {},
    "transactions": []
  },
  "58064082346003@lid": {
    "balance": 10000,
    "portfolio": {},
    "transactions": []
  },
  "6283114164768@s.whatsapp.net": {
    "balance": 10000,
    "portfolio": {},
    "transactions": []
  },
  "249812880486654@lid": {
    "balance": 10000,
    "portfolio": {},
    "transactions": []
  },
  "62858227683230@s.whatsapp.net": {
    "balance": 10000,
    "portfolio": {},
    "transactions": []
  },
  "62881036180650@s.whatsapp.net": {
    "balance": 10000,
    "portfolio": {},
    "transactions": []
  },
  "6287701031888@s.whatsapp.net": {
    "balance": 10000,
    "portfolio": {},
    "transactions": []
  },
  "6289651982525@s.whatsapp.net": {
    "balance": 10000,
    "portfolio": {},
    "transactions": []
  },
  "62895402351109@s.whatsapp.net": {
    "balance": 10000,
    "portfolio": {},
    "transactions": []
  },
  "81295577235657@lid": {
    "balance": 10000,
    "portfolio": {},
    "transactions": []
  },
  "628152026136@s.whatsapp.net": {
    "balance": 10000,
    "portfolio": {},
    "transactions": []
  },
  "6281252768236@s.whatsapp.net": {
    "balance": 10000,
    "portfolio": {},
    "transactions": []
  },
  "4200629067937@lid": {
    "balance": 10000,
    "portfolio": {},
    "transactions": []
  },
  "18416819818732@lid": {
    "balance": 10000,
    "portfolio": {},
    "transactions": []
  },
  "6285784631703@s.whatsapp.net": {
    "balance": 10000,
    "portfolio": {},
    "transactions": []
  },
  "6283115049428@s.whatsapp.net": {
    "balance": 10000,
    "portfolio": {},
    "transactions": []
  },
  "628876352661@s.whatsapp.net": {
    "balance": 10000,
    "portfolio": {},
    "transactions": []
  },
  "6285222499667@s.whatsapp.net": {
    "balance": 10000,
    "portfolio": {},
    "transactions": []
  },
  "6285750967302@s.whatsapp.net": {
    "balance": 10000,
    "portfolio": {},
    "transactions": []
  },
  "6283141631800@s.whatsapp.net": {
    "balance": 10000,
    "portfolio": {},
    "transactions": []
  },
  "87080763953315@lid": {
    "balance": 10000,
    "portfolio": {},
    "transactions": []
  },
  "35872086995122@lid": {
    "balance": 10000,
    "portfolio": {},
    "transactions": []
  },
  "271755969077386@lid": {
    "balance": 10000,
    "portfolio": {},
    "transactions": []
  },
  "6283189048367@s.whatsapp.net": {
    "balance": 10000,
    "portfolio": {},
    "transactions": []
  },
  "86505087340646@lid": {
    "balance": 10000,
    "portfolio": {},
    "transactions": []
  },
  "151406606598343@lid": {
    "balance": 10000,
    "portfolio": {},
    "transactions": []
  },
  "6289680926969@s.whatsapp.net": {
    "balance": 10000,
    "portfolio": {},
    "transactions": []
  },
  "150268306051216@lid": {
    "balance": 10000,
    "portfolio": {},
    "transactions": []
  },
  "140750473949418@lid": {
    "balance": 10000,
    "portfolio": {},
    "transactions": []
  },
  "6285751181604@s.whatsapp.net": {
    "balance": 10000,
    "portfolio": {},
    "transactions": []
  },
  "238177646297337@lid": {
    "balance": 10000,
    "portfolio": {},
    "transactions": []
  },
  "62895801869050@s.whatsapp.net": {
    "balance": 10000,
    "portfolio": {},
    "transactions": []
  },
  "32062434197702@lid": {
    "balance": 10000,
    "portfolio": {},
    "transactions": []
  },
  "100631134085192@lid": {
    "balance": 10000,
    "portfolio": {},
    "transactions": []
  },
  "6285330421001@s.whatsapp.net": {
    "balance": 10000,
    "portfolio": {},
    "transactions": []
  },
  "6283825121214@s.whatsapp.net": {
    "balance": 10000,
    "portfolio": {},
    "transactions": []
  },
  "6281231298842@s.whatsapp.net": {
    "balance": 10000,
    "portfolio": {},
    "transactions": []
  },
  "6283838930653@s.whatsapp.net": {
    "balance": 10000,
    "portfolio": {},
    "transactions": []
  },
  "6285137444052@s.whatsapp.net": {
    "balance": 10000,
    "portfolio": {},
    "transactions": []
  },
  "6283113062379@s.whatsapp.net": {
    "balance": 10000,
    "portfolio": {},
    "transactions": []
  },
  "62895410601924@s.whatsapp.net": {
    "balance": 10000,
    "portfolio": {},
    "transactions": []
  },
  "274465724362873@lid": {
    "balance": 10000,
    "portfolio": {},
    "transactions": []
  },
  "6285591455158@s.whatsapp.net": {
    "balance": 10000,
    "portfolio": {},
    "transactions": []
  },
  "6285878056787@s.whatsapp.net": {
    "balance": 10000,
    "portfolio": {},
    "transactions": []
  },
  "6282296998584@s.whatsapp.net": {
    "balance": 10000,
    "portfolio": {},
    "transactions": []
  },
  "6283159974880@s.whatsapp.net": {
    "balance": 10000,
    "portfolio": {},
    "transactions": []
  },
  "126779415122102@lid": {
    "balance": 10000,
    "portfolio": {},
    "transactions": []
  },
  "6281398818561@s.whatsapp.net": {
    "balance": 10000,
    "portfolio": {},
    "transactions": []
  },
  "137091430236236@lid": {
    "balance": 10000,
    "portfolio": {},
    "transactions": []
  },
  "217209901211814@lid": {
    "balance": 10000,
    "portfolio": {},
    "transactions": []
  },
  "141193291821192@lid": {
    "balance": 10000,
    "portfolio": {},
    "transactions": []
  },
  "6281284917809@s.whatsapp.net": {
    "balance": 10000,
    "portfolio": {},
    "transactions": []
  },
  "78727153213643@lid": {
    "balance": 10000,
    "portfolio": {},
    "transactions": []
  },
  "199780974211237@lid": {
    "balance": 10000,
    "portfolio": {},
    "transactions": []
  },
  "6289506836982@s.whatsapp.net": {
    "balance": 10000,
    "portfolio": {},
    "transactions": []
  },
  "6283115400558@s.whatsapp.net": {
    "balance": 10000,
    "portfolio": {},
    "transactions": []
  },
  "6282288191861@s.whatsapp.net": {
    "balance": 10000,
    "portfolio": {},
    "transactions": []
  },
  "271124675969216@lid": {
    "balance": 10000,
    "portfolio": {},
    "transactions": []
  },
  "6281248298028@s.whatsapp.net": {
    "balance": 10000,
    "portfolio": {},
    "transactions": []
  },
  "6282124339094@s.whatsapp.net": {
    "balance": 10000,
    "portfolio": {},
    "transactions": []
  },
  "6288225394429@s.whatsapp.net": {
    "balance": 10000,
    "portfolio": {},
    "transactions": []
  },
  "120363331885910396@g.us": {
    "balance": 10000,
    "portfolio": {},
    "transactions": []
  },
  "6285733586200@s.whatsapp.net": {
    "balance": 10000,
    "portfolio": {},
    "transactions": []
  },
  "6285768855292@s.whatsapp.net": {
    "balance": 10000,
    "portfolio": {},
    "transactions": []
  },
  "51097846706288@lid": {
    "balance": 10000,
    "portfolio": {},
    "transactions": []
  },
  "138117608697895@lid": {
    "balance": 10000,
    "portfolio": {},
    "transactions": []
  },
  "6285298394064@s.whatsapp.net": {
    "balance": 10000,
    "portfolio": {},
    "transactions": []
  },
  "6283141042731@s.whatsapp.net": {
    "balance": 10000,
    "portfolio": {},
    "transactions": []
  },
  "6285179773033@s.whatsapp.net": {
    "balance": 10000,
    "portfolio": {},
    "transactions": []
  },
  "6285882064254@s.whatsapp.net": {
    "balance": 10000,
    "portfolio": {},
    "transactions": []
  },
  "6287885441846@s.whatsapp.net": {
    "balance": 10000,
    "portfolio": {},
    "transactions": []
  },
  "6281362673076@s.whatsapp.net": {
    "balance": 10000,
    "portfolio": {},
    "transactions": []
  },
  "6285756200910@s.whatsapp.net": {
    "balance": 10000,
    "portfolio": {},
    "transactions": []
  },
  "62895616027969@s.whatsapp.net": {
    "balance": 10000,
    "portfolio": {},
    "transactions": []
  },
  "51913605304561@lid": {
    "balance": 10000,
    "portfolio": {},
    "transactions": []
  },
  "130558600474694@lid": {
    "balance": 10000,
    "portfolio": {},
    "transactions": []
  },
  "137928596553930@lid": {
    "balance": 10000,
    "portfolio": {},
    "transactions": []
  },
  "256529840222255@lid": {
    "balance": 10000,
    "portfolio": {},
    "transactions": []
  },
  "16291096203321@lid": {
    "balance": 10000,
    "portfolio": {},
    "transactions": []
  },
  "16750842265704@lid": {
    "balance": 10000,
    "portfolio": {},
    "transactions": []
  },
  "210827059720202@lid": {
    "balance": 10000,
    "portfolio": {},
    "transactions": []
  },
  "101215769726983@lid": {
    "balance": 10000,
    "portfolio": {},
    "transactions": []
  },
  "37559992320241@lid": {
    "balance": 10000,
    "portfolio": {},
    "transactions": []
  },
  "62895615063060@s.whatsapp.net": {
    "balance": 10000,
    "portfolio": {},
    "transactions": []
  },
  "6281310229486@s.whatsapp.net": {
    "balance": 10000,
    "portfolio": {},
    "transactions": []
  },
  "6282316371506@s.whatsapp.net": {
    "balance": 10000,
    "portfolio": {},
    "transactions": []
  },
  "6281215384749@s.whatsapp.net": {
    "balance": 10000,
    "portfolio": {},
    "transactions": []
  },
  "120363046013966133@g.us": {
    "balance": 10000,
    "portfolio": {},
    "transactions": []
  },
  "212953085292766@lid": {
    "balance": 10000,
    "portfolio": {},
    "transactions": []
  },
  "628818507040@s.whatsapp.net": {
    "balance": 10000,
    "portfolio": {},
    "transactions": []
  },
  "211755426959517@lid": {
    "balance": 10000,
    "portfolio": {},
    "transactions": []
  },
  "7370717540352@lid": {
    "balance": 10000,
    "portfolio": {},
    "transactions": []
  },
  "6099356938419@lid": {
    "balance": 10000,
    "portfolio": {},
    "transactions": []
  },
  "6285283516806@s.whatsapp.net": {
    "balance": 10000,
    "portfolio": {},
    "transactions": []
  },
  "235141406404654@lid": {
    "balance": 10000,
    "portfolio": {},
    "transactions": []
  },
  "154507556196377@lid": {
    "balance": 10000,
    "portfolio": {},
    "transactions": []
  },
  "6285888438315@s.whatsapp.net": {
    "balance": 10000,
    "portfolio": {},
    "transactions": []
  },
  "6289506305472@s.whatsapp.net": {
    "balance": 10000,
    "portfolio": {},
    "transactions": []
  },
  "76390540026081@lid": {
    "balance": 10000,
    "portfolio": {},
    "transactions": []
  },
  "120363389128033632@g.us": {
    "balance": 10000,
    "portfolio": {},
    "transactions": []
  },
  "6287739752398@s.whatsapp.net": {
    "balance": 10000,
    "portfolio": {},
    "transactions": []
  },
  "6282276673360@s.whatsapp.net": {
    "balance": 10000,
    "portfolio": {},
    "transactions": []
  },
  "98573945417810@lid": {
    "balance": 10000,
    "portfolio": {},
    "transactions": []
  },
  "244383790149636@lid": {
    "balance": 10000,
    "portfolio": {},
    "transactions": []
  },
  "6285212590044@s.whatsapp.net": {
    "balance": 10000,
    "portfolio": {},
    "transactions": []
  },
  "6285236680178@s.whatsapp.net": {
    "balance": 10000,
    "portfolio": {},
    "transactions": []
  },
  "6289632310505@s.whatsapp.net": {
    "balance": 10000,
    "portfolio": {},
    "transactions": []
  },
  "166477630021742@lid": {
    "balance": 10000,
    "portfolio": {},
    "transactions": []
  },
  "85397304545508@lid": {
    "balance": 10000,
    "portfolio": {},
    "transactions": []
  },
  "95112117915650@lid": {
    "balance": 10000,
    "portfolio": {},
    "transactions": []
  },
  "6285333226827@s.whatsapp.net": {
    "balance": 10000,
    "portfolio": {},
    "transactions": []
  },
  "120363343611802180@newsletter": {
    "balance": 10000,
    "portfolio": {},
    "transactions": []
  },
  "6281369180598@s.whatsapp.net": {
    "balance": 10000,
    "portfolio": {},
    "transactions": []
  },
  "29481225965624@lid": {
    "balance": 10000,
    "portfolio": {},
    "transactions": []
  },
  "204861551415341@lid": {
    "balance": 10000,
    "portfolio": {},
    "transactions": []
  },
  "1830142656717@lid": {
    "balance": 10000,
    "portfolio": {},
    "transactions": []
  },
  "6285828322623@s.whatsapp.net": {
    "balance": 10000,
    "portfolio": {},
    "transactions": []
  },
  "236588793598108@lid": {
    "balance": 10000,
    "portfolio": {},
    "transactions": []
  },
  "105858444861458@lid": {
    "balance": 10000,
    "portfolio": {},
    "transactions": []
  },
  "6281770577067@s.whatsapp.net": {
    "balance": 10000,
    "portfolio": {},
    "transactions": []
  },
  "237778365366365@lid": {
    "balance": 10000,
    "portfolio": {},
    "transactions": []
  },
  "46948589535345@lid": {
    "balance": 10000,
    "portfolio": {},
    "transactions": []
  },
  "201730386047058@lid": {
    "balance": 10000,
    "portfolio": {},
    "transactions": []
  },
  "6283842933733@s.whatsapp.net": {
    "balance": 10000,
    "portfolio": {},
    "transactions": []
  },
  "6285750634139@s.whatsapp.net": {
    "balance": 10000,
    "portfolio": {},
    "transactions": []
  },
  "6285810287828@s.whatsapp.net": {
    "balance": 10000,
    "portfolio": {},
    "transactions": []
  },
  "6282241473146@s.whatsapp.net": {
    "balance": 10000,
    "portfolio": {},
    "transactions": []
  },
  "6283836659107@s.whatsapp.net": {
    "balance": 10000,
    "portfolio": {},
    "transactions": []
  },
  "6287873195122@s.whatsapp.net": {
    "balance": 10000,
    "portfolio": {},
    "transactions": []
  },
  "6285841331922@s.whatsapp.net": {
    "balance": 10000,
    "portfolio": {},
    "transactions": []
  },
  "62881011767909@s.whatsapp.net": {
    "balance": 10000,
    "portfolio": {},
    "transactions": []
  },
  "6282178376611@s.whatsapp.net": {
    "balance": 10000,
    "portfolio": {},
    "transactions": []
  },
  "243185947254835@lid": {
    "balance": 10000,
    "portfolio": {},
    "transactions": []
  },
  "6282194036768@s.whatsapp.net": {
    "balance": 10000,
    "portfolio": {},
    "transactions": []
  },
  "133328703332434@lid": {
    "balance": 10000,
    "portfolio": {},
    "transactions": []
  },
  "44685376622778@lid": {
    "balance": 10000,
    "portfolio": {},
    "transactions": []
  },
  "6285749564006@s.whatsapp.net": {
    "balance": 10000,
    "portfolio": {},
    "transactions": []
  },
  "207073728045106@lid": {
    "balance": 10000,
    "portfolio": {},
    "transactions": []
  },
  "169840790740998@lid": {
    "balance": 10000,
    "portfolio": {},
    "transactions": []
  },
  "1129761001609@lid": {
    "balance": 10000,
    "portfolio": {},
    "transactions": []
  },
  "6289680614000@s.whatsapp.net": {
    "balance": 10000,
    "portfolio": {},
    "transactions": []
  },
  "262907849928813@lid": {
    "balance": 10000,
    "portfolio": {},
    "transactions": []
  },
  "133736842711152@lid": {
    "balance": 10000,
    "portfolio": {},
    "transactions": []
  },
  "265047112712249@lid": {
    "balance": 10000,
    "portfolio": {},
    "transactions": []
  },
  "6288216423786@s.whatsapp.net": {
    "balance": 10000,
    "portfolio": {},
    "transactions": []
  },
  "263685725528265@lid": {
    "balance": 10000,
    "portfolio": {},
    "transactions": []
  },
  "6281281156725@s.whatsapp.net": {
    "balance": 10000,
    "portfolio": {},
    "transactions": []
  },
  "6285172167186@s.whatsapp.net": {
    "balance": 10000,
    "portfolio": {},
    "transactions": []
  },
  "6281532645044@s.whatsapp.net": {
    "balance": 10000,
    "portfolio": {},
    "transactions": []
  },
  "628988708120@s.whatsapp.net": {
    "balance": 10000,
    "portfolio": {},
    "transactions": []
  },
  "6283863222179@s.whatsapp.net": {
    "balance": 10000,
    "portfolio": {},
    "transactions": []
  },
  "197341499920558@lid": {
    "balance": 10000,
    "portfolio": {},
    "transactions": []
  },
  "6288276696380@s.whatsapp.net": {
    "balance": 10000,
    "portfolio": {},
    "transactions": []
  },
  "45458521067636@lid": {
    "balance": 10000,
    "portfolio": {},
    "transactions": []
  },
  "120363360180388131@g.us": {
    "balance": 10000,
    "portfolio": {},
    "transactions": []
  },
  "120363344012426622@g.us": {
    "balance": 10000,
    "portfolio": {},
    "transactions": []
  },
  "84593843675294@lid": {
    "balance": 10000,
    "portfolio": {},
    "transactions": []
  },
  "6282199807180@s.whatsapp.net": {
    "balance": 10000,
    "portfolio": {},
    "transactions": []
  },
  "6287820857059@s.whatsapp.net": {
    "balance": 10000,
    "portfolio": {},
    "transactions": []
  }
}